﻿<parameters>
  <parameter name="IIS Web Application Name" defaultValue="SciBuy" tags="IisApp">
    <parameterEntry kind="ProviderPath" scope="IisApp" match="^E:\\Repositories\\SciBuy\\SciBuy\\obj\\Release\\Package\\PackageTmp$" />
    <parameterEntry kind="ProviderPath" scope="setAcl" match="^E:\\Repositories\\SciBuy\\SciBuy\\obj\\Release\\Package\\PackageTmp$" />
  </parameter>
  <parameter name="IdentityDb-Web.config Connection String" defaultValue="Data Source=31.31.196.160;Initial Catalog=u0420772_IdentityDb;Persist Security Info=True;User ID=u0420772_admin;Password=12345qwe">
    <parameterEntry kind="XmlFile" scope="E:\\Repositories\\SciBuy\\SciBuy\\obj\\Release\\Package\\PackageTmp\\Web\.config$" match="/configuration/connectionStrings/add[@name='IdentityDb']/@connectionString" />
  </parameter>
  <parameter name="IdentityDb-Deployment Connection String" defaultValue="Data Source=31.31.196.160;Initial Catalog=u0420772_IdentityDb;Persist Security Info=True;User ID=u0420772_admin;Password=12345qwe" tags="SqlConnectionString">
    <parameterEntry kind="ProviderPath" scope="DbDacFx" match="^E:\\Repositories\\SciBuy\\SciBuy\\obj\\Release\\AutoScripts\\IdentityDb_IncrementalSchemaOnly\.dacpac$" />
  </parameter>
  <parameter name="SciBuy.Infrastructure.AppIdentityDbContext-Web.config Connection String" description="SciBuy.Infrastructure.AppIdentityDbContext Строка подключения в web.config, используемая приложением для доступа к базе данных." defaultValue="SciBuy.Infrastructure.AppIdentityDbContext_ConnectionString" tags="SqlConnectionString">
    <parameterEntry kind="XmlFile" scope="E:\\Repositories\\SciBuy\\SciBuy\\obj\\Release\\Package\\PackageTmp\\Web\.config$" match="/configuration/connectionStrings/add[@name='SciBuy.Infrastructure.AppIdentityDbContext']/@connectionString" />
  </parameter>
</parameters>